query,original,decoupled,not_decoupled
Q1,0.876533,,
Q2,0.084575,0.089556,0.051899
Q3,0.302703,,
Q4,0.378603,0.382737,
Q5,0.324577,,
Q6,0.248452,,
Q7,0.690603,,
Q8,0.244294,,
Q9,0.954072,,
Q10,0.593326,,
Q11,0.042238,,
Q12,0.178507,,
Q13,0.565671,,
Q14,0.208286,,
Q15,0.528246,,
Q16,0.136081,,
Q17,1.160724,1.16112,0.430157
Q18,1.724766,,
Q19,0.573376,,
Q20,0.547475,0.708748,0.954125
Q21,1.200366,1.205772,
Q22,0.191561,0.175867,
