query,original,decoupled,not_decoupled
Q1,6.680582,,
Q2,0.415243,0.637131,1.09295
Q3,2.456976,,
Q4,0.430993,0.43077,
Q5,4.096687,,
Q6,1.111765,,
Q7,6.387954,,
Q8,10.218996,,
Q9,25.597645,,
Q10,1.925433,,
Q11,0.896199,,
Q12,1.083605,,
Q13,9.632567,,
Q14,1.314231,,
Q15,1.094782,,
Q16,0.512842,,
Q17,3527,1441,21.290886
Q18,1.194274,,
Q19,1.974254,,
Q20,4881,1.976298,1.11284
Q21,6.491781,6.536488,
Q22,934,936,
